bankName,cardName,imgUrl,benefit,type,rotate,position
우리카드,카드의정석 SHOPPING+,https://d1c5n4ri2guedi.cloudfront.net/card/2687/card_img/33239/2687card.png,"온라인 쇼핑 10% 청구 할인
백화점・대형할인점・슈퍼마켓 등 10% 청구 할인",신용,180,center
삼성카드,삼성 iD SELECT ALL 카드,https://d1c5n4ri2guedi.cloudfront.net/card/2885/card_img/44212/2885card_1.png,"선택 옵션에 따른 할인 혜택(택 1)
생활 편의 영역 5% 할인
디지털콘텐츠/멤버십 50% 할인",신용,0,center
신한카드,신한카드 Mr.Life,https://d1c5n4ri2guedi.cloudfront.net/card/13/card_img/28201/13card.png,"공과금 10% 할인
마트.편의점 10% 할인
식음료 10% 할인",신용,180,center
삼성카드,삼성카드 & MILEAGE PLATINUM (스카이패스),https://d1c5n4ri2guedi.cloudfront.net/card/49/card_img/42288/49card.png,"1,000원당 1마일 기본적립
국내/해외 택1 옵션형 1마일 특별적립
인천공항 라운지 무료이용",신용,0,center
KB국민카드,KB국민 My WE:SH 카드,https://d1c5n4ri2guedi.cloudfront.net/card/2441/card_img/37123/2441card_3.png,"KB Pay 10% 할인
음식점 10% 할인
서비스팩 3개 중 1개 선택할인",신용,0,center
하나카드,트래블로그+(플러스) 신용카드,https://d1c5n4ri2guedi.cloudfront.net/card/2961/card_img/47942/2961card.png,"국내외 가맹점 1% 적립
해외 가맹점 3% 적립
항공·면세점·여행 3% 적립",신용,0,center
롯데카드,LOCA 365 카드,https://d1c5n4ri2guedi.cloudfront.net/card/2330/card_img/24131/2330card.png,"아파트관리비, 공과금 10% 할인
교통·통신, 배달앱 10% 할인
스트리밍 1,500원 할인",신용,90,center
신한카드,신한카드 Discount Plan+,https://d1c5n4ri2guedi.cloudfront.net/card/2835/card_img/41600/2835card.png,"카페 10% 할인
쇼핑 10% 할인
정기결제 최대 20% 할인",신용,0,center
우리카드,카드의정석2,https://d1c5n4ri2guedi.cloudfront.net/card/2848/card_img/48533/2848card_2.png,"국내외 가맹점 1.2% 적립
분기별 이용실적에 따라 최대 15,000원 청구할인",신용,0,center
현대카드,현대카드 M,https://d1c5n4ri2guedi.cloudfront.net/card/2669/card_img/43704/2669card_5.png,"국내외 가맹점 1.5% 적립
온라인몰·일반음식점 5% 적립
해외 가맹점 5% 적립",신용,0,center
현대카드,현대카드ZERO Edition3 (할인형),https://d1c5n4ri2guedi.cloudfront.net/card/2646/card_img/39624/2646card_3.png,"국내외 가맹점 0.8% 적립",신용,0,center
삼성카드,삼성카드 taptap O,https://d1c5n4ri2guedi.cloudfront.net/card/51/card_img/37691/51card.png,"스타벅스 50% 할인
대중교통 10% 할인
CGV, 롯데시네마 5,000원 할인",신용,0,center
롯데카드,LOCA LIKIT 1.2,https://d1c5n4ri2guedi.cloudfront.net/card/2261/card_img/21011/2261card.png,"국내외 가맹점 1.2% 적립
온라인 1.5% 할인",신용,0,center
KB국민카드,굿데이카드,https://d1c5n4ri2guedi.cloudfront.net/card/106/card_img/20264/106card.png,"주유 60원/L 할인
통신요금 10% 할인
커피 10% 할인",신용,90,center
삼성카드,삼성 iD SELECT ON 카드,https://d1c5n4ri2guedi.cloudfront.net/card/2663/card_img/32407/2663card.png,"음식점 또는 온라인몰 금/토/일 10% 할인
생활 편의 영역 5% 할인
인앱 결제/디지털콘텐츠 50% 할인",신용,0,center
현대카드,American Express® Gold Card Edition2,https://d1c5n4ri2guedi.cloudfront.net/card/2663/card_img/32407/2663card.png,"바우처 연간 25만원 상담
전 세계 공항라운지 연 10회 무료 이용
멤버십리워즈(MR) 최대 3MR 적립",신용,90,center
신한카드,신한카드 Simple Plan+,https://d1c5n4ri2guedi.cloudfront.net/card/2950/card_img/47445/2950card_1.png,"실적·한도 없이 국내 1.5% 할인
실적·한도 없이 해외 2% 할인
마트/병원/주유 3만원 웰컴 캐시백",신용,0,center
신한카드,신한카드 Deep Oil,https://d1c5n4ri2guedi.cloudfront.net/card/39/card_img/31864/39card.png,"4개 정유사 10% 할인
차량서비스 10% 할인
편의점/커피/택시 5% 할인",신용,0,center
우리카드,우리카드 MILE&POINT,https://d1c5n4ri2guedi.cloudfront.net/card/2898/card_img/44541/2898card.png,"국내 이용 1,500원당 1마일리지 적립
해외 이용 1,500원당 최대 2마일리지 적립
항공 마일리지와 포인트 동시 적립",신용,0,center
현대카드,현대카드 Summit,https://d1c5n4ri2guedi.cloudfront.net/card/2692/card_img/33549/2692card.png,"국내외 가맹점 1.5% 적립
교육·병원·여행·골프 5% 적립
쇼핑·호텔·여행 15만원권 바우처 제공",신용,0,center
신한카드,신한카드 처음 (ANNIVERSE),https://d1c5n4ri2guedi.cloudfront.net/card/2759/card_img/37240/2759card.png,"음식·생활·패션 5% 적립
통신·구독·멤버십 최대 20% 적립
소비관리 보너스 매월 최대 1만P",신용,0,center
현대카드,대한항공카드 300,https://d1c5n4ri2guedi.cloudfront.net/card/2711/card_img/45301/2711card_1.png,"연간 보너스 1만 마일리지
1,000원당 최대 3마일리지 적립
직판 항공권 10만원 할인 쿠폰",신용,0,center
우리카드,우리카드 7CORE,https://d1c5n4ri2guedi.cloudfront.net/card/2851/card_img/43400/2851.png,"온라인쇼핑, 대형마트, 커피 10% 청구 할인
배달앱 10% 청구 할인
교육, 병원, 주유 10% 청구 할인",신용,0,center
삼성카드,삼성 iD SIMPLE 카드,https://d1c5n4ri2guedi.cloudfront.net/card/2376/card_img/27725/2376card.png,"국내외 가맹점 0.7%·1% 할인
온라인 쇼핑몰 멤버십 50% 할인
영화 3,000원 할인",신용,0,center
KB국민카드,쿠팡 와우카드,https://d1c5n4ri2guedi.cloudfront.net/card/2609/card_img/47154/2609card.png,"쿠팡 최대 4만원 적립(최대 4% : 기본 2% + 추가 2%)
쿠팡 외 최대 2.4만원 적립(최대 2.4% : 기본 0.2% + 추가 2.2%)
- 프로모션 기간 : ~ 26.10.15",신용,0,center
NH농협카드,올바른 FLEX 카드,https://d1c5n4ri2guedi.cloudfront.net/card/666/card_img/47865/666card.png,"국내외 가맹점 1% 적립
해외 가맹점 3% 적립
항공·면세점·여행 3% 적립",신용,90,center
삼성카드,삼성 iD GLOBAL 카드,https://d1c5n4ri2guedi.cloudfront.net/card/2676/card_img/32887/2676card_2.png,"국내외 가맹점 1% 적립
해외 가맹점 3% 적립
항공·면세점·여행 3% 적립",신용,0,center
삼성카드,THE iD. 1st,https://d1c5n4ri2guedi.cloudfront.net/card/2915/card_img/45262/2915card_1.png,"국내외 가맹점 1% 적립
해외 가맹점 3% 적립
항공·면세점·여행 3% 적립",신용,0,center
삼성카드,THE 1 (스카이패스),https://d1c5n4ri2guedi.cloudfront.net/card/1909/card_img/28087/1909card.png,"국내외 가맹점 1% 적립
해외 가맹점 3% 적립
항공·면세점·여행 3% 적립",신용,90,center
롯데카드,디지로카 London,https://d1c5n4ri2guedi.cloudfront.net/card/2632/card_img/41192/2632card.png,"국내외 가맹점 1% 적립
해외 가맹점 3% 적립
항공·면세점·여행 3% 적립",신용,0,center
삼성카드,taptap DIGITAL,https://d1c5n4ri2guedi.cloudfront.net/card/657/card_img/27715/657card.png,"국내외 가맹점 1% 적립
해외 가맹점 3% 적립
항공·면세점·여행 3% 적립",신용,90,center
KB국민카드,KB YOU Prime 카드,https://d1c5n4ri2guedi.cloudfront.net/card/2930/card_img/46558/2930card_1.png,"국내외 가맹점 1% 적립
해외 가맹점 3% 적립
항공·면세점·여행 3% 적립",신용,0,center
현대카드,the Orange,https://d1c5n4ri2guedi.cloudfront.net/card/2944/card_img/47603/2944card_1.png,"국내외 가맹점 1% 적립
해외 가맹점 3% 적립
항공·면세점·여행 3% 적립",신용,0,center
우리카드,카드의정석 EVERY MILE SKYPASS,https://d1c5n4ri2guedi.cloudfront.net/card/2553/card_img/44235/2553card.png,"국내외 가맹점 1% 적립
해외 가맹점 3% 적립
항공·면세점·여행 3% 적립",신용,0,center
KB국민카드,KB NEED Pay 카드,https://d1c5n4ri2guedi.cloudfront.net/card/2964/card_img/48106/2964card_1.png,"국내외 가맹점 1% 적립
해외 가맹점 3% 적립
항공·면세점·여행 3% 적립",신용,0,center
신한카드,신한카드 Air One,https://d1c5n4ri2guedi.cloudfront.net/card/466/card_img/37854/466card.png,"국내외 가맹점 1% 적립
해외 가맹점 3% 적립
항공·면세점·여행 3% 적립",신용,0,center
우리카드,카드의정석 EVERY DISCOUNT,https://d1c5n4ri2guedi.cloudfront.net/card/2719/card_img/46400/2719card.png,"국내외 가맹점 1% 적립
해외 가맹점 3% 적립
항공·면세점·여행 3% 적립",신용,0,center
현대카드,대한항공카드 060,https://d1c5n4ri2guedi.cloudfront.net/card/2709/card_img/45294/2709card_1.png,"국내외 가맹점 1% 적립
해외 가맹점 3% 적립
항공·면세점·여행 3% 적립",신용,0,center
하나카드,JADE Classic,https://d1c5n4ri2guedi.cloudfront.net/card/2657/card_img/32434/2657card.png,"국내외 가맹점 1% 적립
해외 가맹점 3% 적립
항공·면세점·여행 3% 적립",신용,0,center
롯데카드,디지로카 Las Vegas,https://d1c5n4ri2guedi.cloudfront.net/card/2707/card_img/34645/2707card.png,"국내외 가맹점 1% 적립
해외 가맹점 3% 적립
항공·면세점·여행 3% 적립",신용,0,center
KB국민카드,굿데이올림카드,https://d1c5n4ri2guedi.cloudfront.net/card/115/card_img/20273/115card.png,"국내외 가맹점 1% 적립
해외 가맹점 3% 적립
항공·면세점·여행 3% 적립",신용,90,center
우리카드,카드의정석2 SUPER,https://d1c5n4ri2guedi.cloudfront.net/card/2980/card_img/48676/2980card_1.png,"국내외 가맹점 1% 적립
해외 가맹점 3% 적립
항공·면세점·여행 3% 적립",신용,0,center
우리카드,the OPUS silver,https://d1c5n4ri2guedi.cloudfront.net/card/2902/card_img/44665/2902card_1.png,"국내외 가맹점 1% 적립
해외 가맹점 3% 적립
항공·면세점·여행 3% 적립",신용,0,center
현대카드,대한항공카드 the First Edition2,https://d1c5n4ri2guedi.cloudfront.net/card/2712/card_img/45304/2712card_1.png,"국내외 가맹점 1% 적립
해외 가맹점 3% 적립
항공·면세점·여행 3% 적립",신용,0,center
신한카드,신한카드 Point Plan,https://d1c5n4ri2guedi.cloudfront.net/card/2666/card_img/32452/2666card.png,"국내외 가맹점 1% 적립
해외 가맹점 3% 적립
항공·면세점·여행 3% 적립",신용,0,center
IBK기업은행,K-패스(신용),https://d1c5n4ri2guedi.cloudfront.net/card/2559/card_img/45648/2559card.png,"국내외 가맹점 1% 적립
해외 가맹점 3% 적립
항공·면세점·여행 3% 적립",신용,0,center
현대카드,현대카드ZERO Edition3(포인트형),https://d1c5n4ri2guedi.cloudfront.net/card/2647/card_img/39626/2646card_3.png,"국내외 가맹점 1% 적립
해외 가맹점 3% 적립
항공·면세점·여행 3% 적립",신용,0,center
KB국민카드,가온올림카드(실속형),https://d1c5n4ri2guedi.cloudfront.net/card/769/card_img/22243/769card.png,"국내외 가맹점 1% 적립
해외 가맹점 3% 적립
항공·면세점·여행 3% 적립",신용,90,center
NH농협카드,클래시 트래블카드,https://d1c5n4ri2guedi.cloudfront.net/card/2846/card_img/42434/2846card_1.png,"국내외 가맹점 1% 적립
해외 가맹점 3% 적립
항공·면세점·여행 3% 적립",신용,0,center
현대카드,대한항공카드 120,https://d1c5n4ri2guedi.cloudfront.net/card/2710/card_img/45297/2710card_1.png,"국내외 가맹점 1% 적립
해외 가맹점 3% 적립
항공·면세점·여행 3% 적립",신용,0,center
신한카드,신한카드 The BEST-F,https://d1c5n4ri2guedi.cloudfront.net/card/37/card_img/48330/37card.png,"국내외 가맹점 1% 적립
해외 가맹점 3% 적립
항공·면세점·여행 3% 적립",신용,0,center
KB국민카드,WE:SH Travel,https://d1c5n4ri2guedi.cloudfront.net/card/2685/card_img/37137/2685ard_2.png,"국내외 가맹점 1% 적립
해외 가맹점 3% 적립
항공·면세점·여행 3% 적립",신용,0,center
NH농협카드,zgm.streaming카드,https://d1c5n4ri2guedi.cloudfront.net/card/2428/card_img/27226/2428card.png,"국내외 가맹점 1% 적립
해외 가맹점 3% 적립
항공·면세점·여행 3% 적립",신용,0,center
신한카드,메리어트 본보이™ 더 베스트 신한카드,https://d1c5n4ri2guedi.cloudfront.net/card/716/card_img/22190/716card.png,"국내외 가맹점 1% 적립
해외 가맹점 3% 적립
항공·면세점·여행 3% 적립",신용,90,center
현대카드,American Express® Green Card Edition2,https://d1c5n4ri2guedi.cloudfront.net/card/2662/card_img/32405/2662card.png,"국내외 가맹점 1% 적립
해외 가맹점 3% 적립
항공·면세점·여행 3% 적립",신용,90,center
현대카드,현대카드T,https://d1c5n4ri2guedi.cloudfront.net/card/2882/card_img/44416/2882card_1.png,"국내외 가맹점 1% 적립
해외 가맹점 3% 적립
항공·면세점·여행 3% 적립",신용,0,center
SH수협은행,The Aureum(더 아우름)카드,https://d1c5n4ri2guedi.cloudfront.net/card/2932/card_img/48313/2932card.png,"국내외 가맹점 1% 적립
해외 가맹점 3% 적립
항공·면세점·여행 3% 적립",신용,0,center
삼성카드,삼성 iD ON 카드,https://d1c5n4ri2guedi.cloudfront.net/card/2235/card_img/28314/2235card.png,"국내외 가맹점 1% 적립
해외 가맹점 3% 적립
항공·면세점·여행 3% 적립",신용,0,center
현대카드,에너지플러스 현대카드,https://d1c5n4ri2guedi.cloudfront.net/card/2942/card_img/46756/2942card_1.png,"국내외 가맹점 1% 적립
해외 가맹점 3% 적립
항공·면세점·여행 3% 적립",신용,0,center
하나카드,토스뱅크 하나카드 Day,https://d1c5n4ri2guedi.cloudfront.net/card/2904/card_img/44666/2904card.png,"국내외 가맹점 1% 적립
해외 가맹점 3% 적립
항공·면세점·여행 3% 적립",신용,0,center
BC 바로카드,BC 바로 클리어 플러스,https://d1c5n4ri2guedi.cloudfront.net/card/2346/card_img/32523/2346card.png,"국내외 가맹점 1% 적립
해외 가맹점 3% 적립
항공·면세점·여행 3% 적립",신용,180,center
하나카드,원더카드 2.0 FREE+,https://d1c5n4ri2guedi.cloudfront.net/card/2820/card_img/44248/2820card.png,"국내외 가맹점 1% 적립
해외 가맹점 3% 적립
항공·면세점·여행 3% 적립",신용,90,center
하나카드,하나 스카이패스 아멕스 플래티늄 카드,https://d1c5n4ri2guedi.cloudfront.net/card/2237/card_img/20939/2237card.png,"국내외 가맹점 1% 적립
해외 가맹점 3% 적립
항공·면세점·여행 3% 적립",신용,90,center
롯데카드,LOCA LIKIT Play,https://d1c5n4ri2guedi.cloudfront.net/card/2263/card_img/20703/2263card.png,"국내외 가맹점 1% 적립
해외 가맹점 3% 적립
항공·면세점·여행 3% 적립",신용,0,center
NH농협카드,zgm.play카드,https://d1c5n4ri2guedi.cloudfront.net/card/2544/card_img/29533/2544card.png,"국내외 가맹점 1% 적립
해외 가맹점 3% 적립
항공·면세점·여행 3% 적립",신용,0,center
우리카드,DA 카드의정석 Ⅱ,https://d1c5n4ri2guedi.cloudfront.net/card/2655/card_img/32217/2655card.png,"국내외 가맹점 1% 적립
해외 가맹점 3% 적립
항공·면세점·여행 3% 적립",신용,0,center
NH농협카드,zgm 할인카드,https://d1c5n4ri2guedi.cloudfront.net/card/2706/card_img/34299/2706card_3.png,"국내외 가맹점 1% 적립
해외 가맹점 3% 적립
항공·면세점·여행 3% 적립",신용,0,center
롯데카드,디지로카 Paris,https://d1c5n4ri2guedi.cloudfront.net/card/2633/card_img/31798/2633card.png,"국내외 가맹점 1% 적립
해외 가맹점 3% 적립
항공·면세점·여행 3% 적립",신용,0,center
우리카드,카드의정석 EVERY POINT,https://d1c5n4ri2guedi.cloudfront.net/card/2689/card_img/33241/2689card.png,"국내외 가맹점 1% 적립
해외 가맹점 3% 적립
항공·면세점·여행 3% 적립",신용,0,center
KB국민카드,HERITAGE Smart [대한항공 마일리지형],https://d1c5n4ri2guedi.cloudfront.net/card/2451/card_img/27738/2451card.png,"국내외 가맹점 1% 적립
해외 가맹점 3% 적립
항공·면세점·여행 3% 적립",신용,0,center
IBK기업은행,IBK포인트(신용),https://d1c5n4ri2guedi.cloudfront.net/card/2779/card_img/39564/2779card.png,"국내외 가맹점 1% 적립
해외 가맹점 3% 적립
항공·면세점·여행 3% 적립",신용,0,center
NH농협카드,zgm.the pay카드,https://d1c5n4ri2guedi.cloudfront.net/card/2427/card_img/27201/2427card.png,"국내외 가맹점 1% 적립
해외 가맹점 3% 적립
항공·면세점·여행 3% 적립",신용,0,center
현대카드,현대카드O,https://d1c5n4ri2guedi.cloudfront.net/card/2880/card_img/44410/2880card_1.png,"국내외 가맹점 1% 적립
해외 가맹점 3% 적립
항공·면세점·여행 3% 적립",신용,0,center
신한카드,신한카드 Point Plan+,https://d1c5n4ri2guedi.cloudfront.net/card/2731/card_img/36308/2731card.png,"국내외 가맹점 1% 적립
해외 가맹점 3% 적립
항공·면세점·여행 3% 적립",신용,0,center
현대카드,현대카드 ZERO Up,https://d1c5n4ri2guedi.cloudfront.net/card/2844/card_img/43699/2844card.png,"국내외 가맹점 1% 적립
해외 가맹점 3% 적립
항공·면세점·여행 3% 적립",신용,0,center
NH농협카드,zgm.일본여행중 카드,https://d1c5n4ri2guedi.cloudfront.net/card/2593/card_img/30936/2593card.png,"국내외 가맹점 1% 적립
해외 가맹점 3% 적립
항공·면세점·여행 3% 적립",신용,0,center
우리카드,카드의정석 TEN,https://d1c5n4ri2guedi.cloudfront.net/card/2699/card_img/34252/2699card.png,"국내외 가맹점 1% 적립
해외 가맹점 3% 적립
항공·면세점·여행 3% 적립",신용,0,center
KB국민카드,Easy all 티타늄카드,https://d1c5n4ri2guedi.cloudfront.net/card/634/card_img/21400/634card.png,"국내외 가맹점 1% 적립
해외 가맹점 3% 적립
항공·면세점·여행 3% 적립",신용,90,center
IBK기업은행,IBK포인트3.8(신용),https://d1c5n4ri2guedi.cloudfront.net/card/2778/card_img/40256/2778card.png,"국내외 가맹점 1% 적립
해외 가맹점 3% 적립
항공·면세점·여행 3% 적립",신용,0,center
삼성카드,네이버페이 taptap,https://d1c5n4ri2guedi.cloudfront.net/card/458/card_img/28058/458card.png,"국내외 가맹점 1% 적립
해외 가맹점 3% 적립
항공·면세점·여행 3% 적립",신용,90,center
IBK기업은행,I-Mileage (대한항공),https://d1c5n4ri2guedi.cloudfront.net/card/2674/card_img/32666/2674card_2.png,"국내외 가맹점 1% 적립
해외 가맹점 3% 적립
항공·면세점·여행 3% 적립",신용,0,center
삼성카드,THE iD. PLATINUM(포인트),https://d1c5n4ri2guedi.cloudfront.net/card/2460/card_img/28298/2460card.png,"국내외 가맹점 1% 적립
해외 가맹점 3% 적립
항공·면세점·여행 3% 적립",신용,0,center
신한카드,Haru(Hoshino Resorts),https://d1c5n4ri2guedi.cloudfront.net/card/2855/card_img/43765/2855card_1.png,"국내외 가맹점 1% 적립
해외 가맹점 3% 적립
항공·면세점·여행 3% 적립",신용,0,center
신한카드,신한카드 Edu Plan+,https://d1c5n4ri2guedi.cloudfront.net/card/2735/card_img/36457/2735card.png,"국내외 가맹점 1% 적립
해외 가맹점 3% 적립
항공·면세점·여행 3% 적립",신용,0,center
현대카드,네이버 현대카드 Editon2,https://d1c5n4ri2guedi.cloudfront.net/card/2794/card_img/39286/2794card_1.png,"국내외 가맹점 1% 적립
해외 가맹점 3% 적립
항공·면세점·여행 3% 적립",신용,0,center
신한카드,신한카드 The CLASSIC-S,https://d1c5n4ri2guedi.cloudfront.net/card/945/card_img/21598/945card.png,"국내외 가맹점 1% 적립
해외 가맹점 3% 적립
항공·면세점·여행 3% 적립",신용,90,center
삼성카드,삼성 iD ALL 카드,https://d1c5n4ri2guedi.cloudfront.net/card/2234/card_img/27720/2234card.png,"국내외 가맹점 1% 적립
해외 가맹점 3% 적립
항공·면세점·여행 3% 적립",신용,0,center
KB국민카드,다담카드,https://d1c5n4ri2guedi.cloudfront.net/card/121/card_img/20353/121card.png,"국내외 가맹점 1% 적립
해외 가맹점 3% 적립
항공·면세점·여행 3% 적립",신용,90,center
신한카드,K-패스 신한카드,https://d1c5n4ri2guedi.cloudfront.net/card/2690/card_img/33494/2690card.png,"국내외 가맹점 1% 적립
해외 가맹점 3% 적립
항공·면세점·여행 3% 적립",신용,0,center
IBK기업은행,I-ALL,https://d1c5n4ri2guedi.cloudfront.net/card/2482/card_img/28405/2482card.png,"국내외 가맹점 1% 적립
해외 가맹점 3% 적립
항공·면세점·여행 3% 적립",신용,0,center
롯데카드,LOCA LIKIT Eat,https://d1c5n4ri2guedi.cloudfront.net/card/2262/card_img/20704/2262card.png,"국내외 가맹점 1% 적립
해외 가맹점 3% 적립
항공·면세점·여행 3% 적립",신용,0,center
신한카드,신한카드 RPM+ Platinum#,https://d1c5n4ri2guedi.cloudfront.net/card/16/card_img/28929/16card.png,"국내외 가맹점 1% 적립
해외 가맹점 3% 적립
항공·면세점·여행 3% 적립",신용,0,center
우리카드,카드의정석 I&U+,https://d1c5n4ri2guedi.cloudfront.net/card/2688/card_img/33240/2688card.png,"국내외 가맹점 1% 적립
해외 가맹점 3% 적립
항공·면세점·여행 3% 적립",신용,0,center
롯데카드,힐튼 아너스 아멕스 프리미엄,https://d1c5n4ri2guedi.cloudfront.net/card/2786/card_img/38997/2786card.png,"국내외 가맹점 1% 적립
해외 가맹점 3% 적립
항공·면세점·여행 3% 적립",신용,0,center
NH농협카드,올바른 NEW HAVE카드,https://d1c5n4ri2guedi.cloudfront.net/card/635/card_img/28872/635card.png,"국내외 가맹점 1% 적립
해외 가맹점 3% 적립
항공·면세점·여행 3% 적립",신용,90,center
신한카드,신한카드 The CLASSIC+,https://d1c5n4ri2guedi.cloudfront.net/card/15/card_img/20097/15card.png,"국내외 가맹점 1% 적립
해외 가맹점 3% 적립
항공·면세점·여행 3% 적립",신용,90,center
신한카드,알리익스프레스 신한카드,https://d1c5n4ri2guedi.cloudfront.net/card/2831/card_img/40882/2831card.jpg,"국내외 가맹점 1% 적립
해외 가맹점 3% 적립
항공·면세점·여행 3% 적립",신용,0,center
삼성카드,국민행복 삼성카드 V2,https://d1c5n4ri2guedi.cloudfront.net/card/718/card_img/28063/718card.png,"국내외 가맹점 1% 적립
해외 가맹점 3% 적립
항공·면세점·여행 3% 적립",신용,90,center
롯데카드,LOCA Professional,https://d1c5n4ri2guedi.cloudfront.net/card/2636/card_img/31863/2636card.png,"국내외 가맹점 1% 적립
해외 가맹점 3% 적립
항공·면세점·여행 3% 적립",신용,0,center
롯데카드,롯데 국민행복카드,https://d1c5n4ri2guedi.cloudfront.net/card/455/card_img/20971/455card.png,"국내외 가맹점 1% 적립
해외 가맹점 3% 적립
항공·면세점·여행 3% 적립",신용,90,center
케이뱅크,ONE 체크카드,https://d1c5n4ri2guedi.cloudfront.net/card/2749/card_img/48762/2749card_1.png,"국내외 가맹점 1% 적립
해외 가맹점 3% 적립
항공·면세점·여행 3% 적립",체크,0,center
KB국민카드,KB Youth Club 체크카드,https://d1c5n4ri2guedi.cloudfront.net/card/2929/card_img/45849/2929card_1.png,"국내외 가맹점 1% 적립
해외 가맹점 3% 적립
항공·면세점·여행 3% 적립",체크,0,center
KB국민카드,노리2 체크카드(KB Pay),https://d1c5n4ri2guedi.cloudfront.net/card/2422/card_img/27141/2422card.png,"국내외 가맹점 1% 적립
해외 가맹점 3% 적립
항공·면세점·여행 3% 적립",체크,0,center
네이버페이,네이버페이 머니카드,https://d1c5n4ri2guedi.cloudfront.net/card/2626/card_img/31677/2625card_1.png,"국내외 가맹점 1% 적립
해외 가맹점 3% 적립
항공·면세점·여행 3% 적립",체크,0,center
신한카드,신한카드 SOL트래블 체크,https://d1c5n4ri2guedi.cloudfront.net/card/2667/card_img/32473/2660card.png,"국내외 가맹점 1% 적립
해외 가맹점 3% 적립
항공·면세점·여행 3% 적립",체크,0,center
신한카드,신한카드 SOL트립앱J 체크,https://d1c5n4ri2guedi.cloudfront.net/card/2977/card_img/48338/2977card_1.png,"국내외 가맹점 1% 적립
해외 가맹점 3% 적립
항공·면세점·여행 3% 적립",체크,0,center
하나카드,하나 나라사랑카드,https://d1c5n4ri2guedi.cloudfront.net/card/2934/card_img/46852/2934card_2.png,"국내외 가맹점 1% 적립
해외 가맹점 3% 적립
항공·면세점·여행 3% 적립",체크,90,center
KG 파이낸셜,모빌카드,https://d1c5n4ri2guedi.cloudfront.net/card/2321/card_img/23849/2321card.png,"국내외 가맹점 1% 적립
해외 가맹점 3% 적립
항공·면세점·여행 3% 적립",체크,0,center
KB국민카드,트래블러스 체크카드(토심이),https://d1c5n4ri2guedi.cloudfront.net/card/2691/card_img/33455/2691card_2.png,"국내외 가맹점 1% 적립
해외 가맹점 3% 적립
항공·면세점·여행 3% 적립",체크,0,center
우체국,우체국 MY-TYPE 체크카드,https://d1c5n4ri2guedi.cloudfront.net/card/2976/card_img/48424/2976card_2.png,"국내외 가맹점 1% 적립
해외 가맹점 3% 적립
항공·면세점·여행 3% 적립",체크,0,center
토스뱅크,토스뱅크 체크카드,https://d1c5n4ri2guedi.cloudfront.net/card/2269/card_img/40299/2269card_1.png,"국내외 가맹점 1% 적립
해외 가맹점 3% 적립
항공·면세점·여행 3% 적립",체크,0,center
하나카드, 네이버페이 머니 하나 체크카드,https://d1c5n4ri2guedi.cloudfront.net/card/2432/card_img/27295/2432card.png,"국내외 가맹점 1% 적립
해외 가맹점 3% 적립
항공·면세점·여행 3% 적립",체크,0,center
신한카드,신한카드 Deep Dream 체크,https://d1c5n4ri2guedi.cloudfront.net/card/281/card_img/20503/281card.png,"국내외 가맹점 1% 적립
해외 가맹점 3% 적립
항공·면세점·여행 3% 적립",체크,90,center
우체국,개이득 체크카드,https://d1c5n4ri2guedi.cloudfront.net/card/2519/card_img/28824/2519card.png,"국내외 가맹점 1% 적립
해외 가맹점 3% 적립
항공·면세점·여행 3% 적립",체크,0,center
우리카드,카드의정석 오하CHECK,https://d1c5n4ri2guedi.cloudfront.net/card/2570/card_img/46005/2570_card.png,"국내외 가맹점 1% 적립
해외 가맹점 3% 적립
항공·면세점·여행 3% 적립",체크,0,center
하나카드,트래블로그 체크카드,https://d1c5n4ri2guedi.cloudfront.net/card/2394/card_img/25975/2394card.png,"국내외 가맹점 1% 적립
해외 가맹점 3% 적립
항공·면세점·여행 3% 적립",체크,0,center
NH농협카드,NH20해봄체크카드,https://d1c5n4ri2guedi.cloudfront.net/card/362/card_img/45717/362card.png,"국내외 가맹점 1% 적립
해외 가맹점 3% 적립
항공·면세점·여행 3% 적립",체크,90,center
카카오뱅크,카카오뱅크 프렌즈 체크카드,https://d1c5n4ri2guedi.cloudfront.net/card/435/card_img/46143/435card_2.png,"국내외 가맹점 1% 적립
해외 가맹점 3% 적립
항공·면세점·여행 3% 적립",체크,0,center
KB국민카드,노리2 체크카드(Global),https://d1c5n4ri2guedi.cloudfront.net/card/2423/card_img/27142/2423card.png,"국내외 가맹점 1% 적립
해외 가맹점 3% 적립
항공·면세점·여행 3% 적립",체크,0,center
현대카드,현대카드M CHECK,https://d1c5n4ri2guedi.cloudfront.net/card/407/card_img/28394/407card.png,"국내외 가맹점 1% 적립
해외 가맹점 3% 적립
항공·면세점·여행 3% 적립",체크,0,center
신한카드,신한카드 나라사랑카드 체크,https://d1c5n4ri2guedi.cloudfront.net/card/2933/card_img/46578/2933card.png,"국내외 가맹점 1% 적립
해외 가맹점 3% 적립
항공·면세점·여행 3% 적립",체크,0,center
KB국민카드,KB 틴업 체크카드,https://d1c5n4ri2guedi.cloudfront.net/card/2852/card_img/46803/2852card_1.png,"국내외 가맹점 1% 적립
해외 가맹점 3% 적립
항공·면세점·여행 3% 적립",체크,0,center
NH농협카드,K-패스카드(체크),https://d1c5n4ri2guedi.cloudfront.net/card/2561/card_img/33460/2561card.png,"국내외 가맹점 1% 적립
해외 가맹점 3% 적립
항공·면세점·여행 3% 적립",체크,0,center
신한카드,신한카드 Hey Young 체크,https://d1c5n4ri2guedi.cloudfront.net/card/618/card_img/21385/618card.png,"국내외 가맹점 1% 적립
해외 가맹점 3% 적립
항공·면세점·여행 3% 적립",체크,0,center
NH농협카드,올바른POINT체크카드,https://d1c5n4ri2guedi.cloudfront.net/card/360/card_img/25852/360card.png,"국내외 가맹점 1% 적립
해외 가맹점 3% 적립
항공·면세점·여행 3% 적립",체크,90,center
신한카드,신한카드 플리 체크(산리오캐릭터즈),https://d1c5n4ri2guedi.cloudfront.net/card/2492/card_img/28476/2492card.png,"국내외 가맹점 1% 적립
해외 가맹점 3% 적립
항공·면세점·여행 3% 적립",체크,0,center
IBK기업은행,IBK나라사랑카드,https://d1c5n4ri2guedi.cloudfront.net/card/2941/card_img/46628/2941card.png,"국내외 가맹점 1% 적립
해외 가맹점 3% 적립
항공·면세점·여행 3% 적립",체크,0,center
KB국민카드,토심이 첵첵 체크카드,https://d1c5n4ri2guedi.cloudfront.net/card/2604/card_img/31223/2604card.png,"국내외 가맹점 1% 적립
해외 가맹점 3% 적립
항공·면세점·여행 3% 적립",체크,0,center
KB국민카드,노리체크카드,https://d1c5n4ri2guedi.cloudfront.net/card/348/card_img/20581/348card.png,"국내외 가맹점 1% 적립
해외 가맹점 3% 적립
항공·면세점·여행 3% 적립",체크,90,center
KB국민카드,직장인보너스체크카드,https://d1c5n4ri2guedi.cloudfront.net/card/350/card_img/20594/350card.png,"국내외 가맹점 1% 적립
해외 가맹점 3% 적립
항공·면세점·여행 3% 적립",체크,90,center
우리카드,카드의정석 EVERY CHECK,https://d1c5n4ri2guedi.cloudfront.net/card/2552/card_img/29589/2552card.png,"국내외 가맹점 1% 적립
해외 가맹점 3% 적립
항공·면세점·여행 3% 적립",체크,0,center
NH농협카드,춘식이달달체크카드,https://d1c5n4ri2guedi.cloudfront.net/card/2758/card_img/37140/2758card_1.png,"국내외 가맹점 1% 적립
해외 가맹점 3% 적립
항공·면세점·여행 3% 적립",체크,0,center
신한카드,K-패스 신한카드 체크,https://d1c5n4ri2guedi.cloudfront.net/card/2693/card_img/33495/2692card.png,"국내외 가맹점 1% 적립
해외 가맹점 3% 적립
항공·면세점·여행 3% 적립",체크,0,center
하나카드,달달 하나 체크카드,https://d1c5n4ri2guedi.cloudfront.net/card/2750/card_img/36851/2750card_1.png,"국내외 가맹점 1% 적립
해외 가맹점 3% 적립
항공·면세점·여행 3% 적립",체크,0,center
우리카드,위비트래블 체크카드,https://d1c5n4ri2guedi.cloudfront.net/card/2700/card_img/34201/2700card.png,"국내외 가맹점 1% 적립
해외 가맹점 3% 적립
항공·면세점·여행 3% 적립",체크,0,center
KB국민카드,트래블러스 체크카드,https://d1c5n4ri2guedi.cloudfront.net/card/2905/card_img/44879/2905card_3.png,"국내외 가맹점 1% 적립
해외 가맹점 3% 적립
항공·면세점·여행 3% 적립",체크,0,center
현대카드,현대카드X CHECK,https://d1c5n4ri2guedi.cloudfront.net/card/408/card_img/28395/408card.png,"국내외 가맹점 1% 적립
해외 가맹점 3% 적립
항공·면세점·여행 3% 적립",체크,0,center
NH농협카드,라이언 치즈 체크카드,https://d1c5n4ri2guedi.cloudfront.net/card/528/card_img/21216/528card.png,"국내외 가맹점 1% 적립
해외 가맹점 3% 적립
항공·면세점·여행 3% 적립",체크,0,center
MG새마을금고,꿀카드,https://d1c5n4ri2guedi.cloudfront.net/card/2001/card_img/21997/2001card.png,"국내외 가맹점 1% 적립
해외 가맹점 3% 적립
항공·면세점·여행 3% 적립",체크,90,center
우리카드,카드의정석 EVERYDAY CHECK,https://d1c5n4ri2guedi.cloudfront.net/card/2742/card_img/36729/2742card.png,"국내외 가맹점 1% 적립
해외 가맹점 3% 적립
항공·면세점·여행 3% 적립",체크,0,center
신한카드,신한카드 SOL트래블 J체크,https://d1c5n4ri2guedi.cloudfront.net/card/2847/card_img/42436/2847card_1.png,"국내외 가맹점 1% 적립
해외 가맹점 3% 적립
항공·면세점·여행 3% 적립",체크,0,center
KB국민카드,가온 올포인트 체크카드,https://d1c5n4ri2guedi.cloudfront.net/card/454/card_img/20970/454card.png,"국내외 가맹점 1% 적립
해외 가맹점 3% 적립
항공·면세점·여행 3% 적립",체크,90,center
NH농협카드,NH트래블리체크카드,https://d1c5n4ri2guedi.cloudfront.net/card/2727/card_img/36095/2727_1card.png,"국내외 가맹점 1% 적립
해외 가맹점 3% 적립
항공·면세점·여행 3% 적립",체크,0,center
KB국민카드,K-패스체크카드,https://d1c5n4ri2guedi.cloudfront.net/card/2556/card_img/33457/2556card.png,"국내외 가맹점 1% 적립
해외 가맹점 3% 적립
항공·면세점·여행 3% 적립",체크,0,center
삼성카드,K-패스 삼성체크카드,https://d1c5n4ri2guedi.cloudfront.net/card/2563/card_img/29688/2563card.png,"국내외 가맹점 1% 적립
해외 가맹점 3% 적립
항공·면세점·여행 3% 적립",체크,0,center
신한카드,신한카드 Deep Dream 체크(미니언즈),https://d1c5n4ri2guedi.cloudfront.net/card/646/card_img/21410/646card.png,"국내외 가맹점 1% 적립
해외 가맹점 3% 적립
항공·면세점·여행 3% 적립",체크,90,center
신한카드,신한카드 하이패스(전용) 체크,https://d1c5n4ri2guedi.cloudfront.net/card/391/card_img/20890/391card.png,"국내외 가맹점 1% 적립
해외 가맹점 3% 적립
항공·면세점·여행 3% 적립",체크,90,center
NH농협카드,NH 무럭이 체크카드,https://d1c5n4ri2guedi.cloudfront.net/card/2620/card_img/31489/2620card.png,"국내외 가맹점 1% 적립
해외 가맹점 3% 적립
항공·면세점·여행 3% 적립",체크,0,center
NH농협카드,올바른 NEW HAVE체크카드,https://d1c5n4ri2guedi.cloudfront.net/card/1765/card_img/22348/1765card.png,"국내외 가맹점 1% 적립
해외 가맹점 3% 적립
항공·면세점·여행 3% 적립",체크,90,center
엔에이치엔페이코,PAYCO 포인트 카드,https://d1c5n4ri2guedi.cloudfront.net/card/2310/card_img/37661/2310card.png,"국내외 가맹점 1% 적립
해외 가맹점 3% 적립
항공·면세점·여행 3% 적립",체크,0,center
신한카드,신한카드 Pick | 체크 캐릭터형(한교동),https://d1c5n4ri2guedi.cloudfront.net/card/2893/card_img/44188/2893card.png,"국내외 가맹점 1% 적립
해외 가맹점 3% 적립
항공·면세점·여행 3% 적립",체크,0,center
우리카드,그랑블루 체크카드,https://d1c5n4ri2guedi.cloudfront.net/card/325/card_img/20570/325card.png,"국내외 가맹점 1% 적립
해외 가맹점 3% 적립
항공·면세점·여행 3% 적립",체크,90,center
신한카드,카카오페이 신한 체크카드,https://d1c5n4ri2guedi.cloudfront.net/card/286/card_img/20508/286card.png,"국내외 가맹점 1% 적립
해외 가맹점 3% 적립
항공·면세점·여행 3% 적립",체크,0,center
KB국민카드,청춘대로 싱글 체크카드,https://d1c5n4ri2guedi.cloudfront.net/card/335/card_img/20579/335card.png,"국내외 가맹점 1% 적립
해외 가맹점 3% 적립
항공·면세점·여행 3% 적립",체크,90,center
카카오뱅크,카카오뱅크 스마트 하이패스카드,https://d1c5n4ri2guedi.cloudfront.net/card/2910/card_img/44943/2910card.png,"국내외 가맹점 1% 적립
해외 가맹점 3% 적립
항공·면세점·여행 3% 적립",체크,0,center
IBK기업은행,IBK 무직타이거 카드(체크),https://d1c5n4ri2guedi.cloudfront.net/card/1490/card_img/20409/1490card.png,"국내외 가맹점 1% 적립
해외 가맹점 3% 적립
항공·면세점·여행 3% 적립",체크,0,center
IBK기업은행,I-Travel(체크),https://d1c5n4ri2guedi.cloudfront.net/card/2866/card_img/43877/2866card.png,"국내외 가맹점 1% 적립
해외 가맹점 3% 적립
항공·면세점·여행 3% 적립",체크,0,center
NH농협카드,체크카드,https://d1c5n4ri2guedi.cloudfront.net/card/499/card_img/21188/499card.png,"국내외 가맹점 1% 적립
해외 가맹점 3% 적립
항공·면세점·여행 3% 적립",체크,90,center
MG새마을금고,카카오페이 체크카드,https://d1c5n4ri2guedi.cloudfront.net/card/2094/card_img/21906/2094card.png,"국내외 가맹점 1% 적립
해외 가맹점 3% 적립
항공·면세점·여행 3% 적립",체크,90,center
하나카드,VIVA X 체크카드,https://d1c5n4ri2guedi.cloudfront.net/card/749/card_img/22223/749card.png,"국내외 가맹점 1% 적립
해외 가맹점 3% 적립
항공·면세점·여행 3% 적립",체크,-90,center
우체국,우체국 LUCK-KEY 체크카드,https://d1c5n4ri2guedi.cloudfront.net/card/2871/card_img/43922/2871card_1.png,"국내외 가맹점 1% 적립
해외 가맹점 3% 적립
항공·면세점·여행 3% 적립",체크,0,center
KB국민카드,스타체크카드,https://d1c5n4ri2guedi.cloudfront.net/card/351/card_img/20595/351card.png,"국내외 가맹점 1% 적립
해외 가맹점 3% 적립
항공·면세점·여행 3% 적립",체크,90,center
신한카드,신한카드 플리(체크),https://d1c5n4ri2guedi.cloudfront.net/card/2372/card_img/25330/2372card.png,"국내외 가맹점 1% 적립
해외 가맹점 3% 적립
항공·면세점·여행 3% 적립",체크,0,center
NH농협카드,올리 POINT 체크,https://d1c5n4ri2guedi.cloudfront.net/card/676/card_img/21441/676card.png,"국내외 가맹점 1% 적립
해외 가맹점 3% 적립
항공·면세점·여행 3% 적립",체크,0,center
하나카드,K-패스 하나 체크카드,https://d1c5n4ri2guedi.cloudfront.net/card/2682/card_img/33462/2682card.png,"국내외 가맹점 1% 적립
해외 가맹점 3% 적립
항공·면세점·여행 3% 적립",체크,90,center
삼성카드,삼성체크카드 & CASHBACK,https://d1c5n4ri2guedi.cloudfront.net/card/394/card_img/28057/394card.png,"국내외 가맹점 1% 적립
해외 가맹점 3% 적립
항공·면세점·여행 3% 적립",체크,90,center
케이뱅크,케이뱅크 플러스 체크카드,https://d1c5n4ri2guedi.cloudfront.net/card/669/card_img/21434/669card.png,"국내외 가맹점 1% 적립
해외 가맹점 3% 적립
항공·면세점·여행 3% 적립",체크,0,center
현대카드,SC제일은행-현대카드 M CHECK,https://d1c5n4ri2guedi.cloudfront.net/card/2430/card_img/27293/2430card.png,"국내외 가맹점 1% 적립
해외 가맹점 3% 적립
항공·면세점·여행 3% 적립",체크,0,center
우리카드,라떼 우리체크카드,https://d1c5n4ri2guedi.cloudfront.net/card/328/card_img/20572/328card.png,"국내외 가맹점 1% 적립
해외 가맹점 3% 적립
항공·면세점·여행 3% 적립",체크,90,center
IBK기업은행,K-패스(체크),https://d1c5n4ri2guedi.cloudfront.net/card/2562/card_img/33444/2526card.png,"국내외 가맹점 1% 적립
해외 가맹점 3% 적립
항공·면세점·여행 3% 적립",체크,0,center
IBK기업은행,일삼의 기쁨카드(체크),https://d1c5n4ri2guedi.cloudfront.net/card/441/card_img/20947/441card.png,"국내외 가맹점 1% 적립
해외 가맹점 3% 적립
항공·면세점·여행 3% 적립",체크,90,center
신한카드,신한카드 Pick I 체크,https://d1c5n4ri2guedi.cloudfront.net/card/2527/card_img/28967/2527card.png,"국내외 가맹점 1% 적립
해외 가맹점 3% 적립
항공·면세점·여행 3% 적립",체크,0,center
현대카드,현대카드 하이브리드(포인트형),https://d1c5n4ri2guedi.cloudfront.net/card/2972/card_img/48342/2972card_1.png,"국내외 가맹점 1% 적립
해외 가맹점 3% 적립
항공·면세점·여행 3% 적립",체크,0,center
KB국민카드,KB국민 기후동행체크카드,https://d1c5n4ri2guedi.cloudfront.net/card/2770/card_img/38060/2770card.png,"국내외 가맹점 1% 적립
해외 가맹점 3% 적립
항공·면세점·여행 3% 적립",체크,90,center
신한카드,신한카드 On 체크,https://d1c5n4ri2guedi.cloudfront.net/card/2343/card_img/24358/2343card.png,"국내외 가맹점 1% 적립
해외 가맹점 3% 적립
항공·면세점·여행 3% 적립",체크,0,center
신한카드,신한카드 주거래 체크,https://d1c5n4ri2guedi.cloudfront.net/card/284/card_img/20506/284card.png,"국내외 가맹점 1% 적립
해외 가맹점 3% 적립
항공·면세점·여행 3% 적립",체크,90,center
MG새마을금고,라이프핏 체크카드,https://d1c5n4ri2guedi.cloudfront.net/card/2860/card_img/43777/%EB%9D%BC%EC%9D%B4%ED%94%84%ED%95%8F-%EC%B2%B4%ED%81%AC%EC%B9%B4%EB%93%9C.png,"국내외 가맹점 1% 적립
해외 가맹점 3% 적립
항공·면세점·여행 3% 적립",체크,0,center
하나카드,카카오페이 트래블로그 체크카드,https://d1c5n4ri2guedi.cloudfront.net/card/2775/card_img/38195/2775card.png,"국내외 가맹점 1% 적립
해외 가맹점 3% 적립
항공·면세점·여행 3% 적립",체크,0,center
현대카드,현대카드 하이브리드(캐시백형),https://d1c5n4ri2guedi.cloudfront.net/card/2973/card_img/48344/2973card_1.png,"국내외 가맹점 1% 적립
해외 가맹점 3% 적립
항공·면세점·여행 3% 적립",체크,0,center
NH농협카드,농부의마음 Farmers Heart 체크카드,https://d1c5n4ri2guedi.cloudfront.net/card/498/card_img/21187/498card.png,"국내외 가맹점 1% 적립
해외 가맹점 3% 적립
항공·면세점·여행 3% 적립",체크,90,center
NH농협카드,쿵야싱싱체크카드,https://d1c5n4ri2guedi.cloudfront.net/card/2874/card_img/43948/2874card_1.png,"국내외 가맹점 1% 적립
해외 가맹점 3% 적립
항공·면세점·여행 3% 적립",체크,0,center
하나카드,모두의 일상 체크카드,https://d1c5n4ri2guedi.cloudfront.net/card/690/card_img/22163/690card.png,"국내외 가맹점 1% 적립
해외 가맹점 3% 적립
항공·면세점·여행 3% 적립",체크,90,center
하나카드,카카오페이 체크카드,https://d1c5n4ri2guedi.cloudfront.net/card/382/card_img/20882/382card.png,"국내외 가맹점 1% 적립
해외 가맹점 3% 적립
항공·면세점·여행 3% 적립",체크,90,center
NH농협카드,BAZIC(베이직)체크카드,https://d1c5n4ri2guedi.cloudfront.net/card/370/card_img/20867/370card.png,"국내외 가맹점 1% 적립
해외 가맹점 3% 적립
항공·면세점·여행 3% 적립",체크,90,center
IBK기업은행,IBK BUDDY CHECK,https://d1c5n4ri2guedi.cloudfront.net/card/2917/card_img/45199/2917card.png,"국내외 가맹점 1% 적립
해외 가맹점 3% 적립
항공·면세점·여행 3% 적립",체크,0,center
NH농협카드,내일배움체크카드,https://d1c5n4ri2guedi.cloudfront.net/card/367/card_img/20608/367card.png,"국내외 가맹점 1% 적립
해외 가맹점 3% 적립
항공·면세점·여행 3% 적립",체크,90,center
NH농협카드,기후동행카드(체크),https://d1c5n4ri2guedi.cloudfront.net/card/2773/card_img/38079/2773card.png,"국내외 가맹점 1% 적립
해외 가맹점 3% 적립
항공·면세점·여행 3% 적립",체크,0,center
NH농협카드,NH올원체크카드,https://d1c5n4ri2guedi.cloudfront.net/card/368/card_img/20609/368card.jpg,"국내외 가맹점 1% 적립
해외 가맹점 3% 적립
항공·면세점·여행 3% 적립",체크,90,center
트래블월렛,트래블페이 충전카드,https://d1c5n4ri2guedi.cloudfront.net/card/2320/card_img/23848/2320card.png,"국내외 가맹점 1% 적립
해외 가맹점 3% 적립
항공·면세점·여행 3% 적립",체크,90,center
신한카드,신한 후불 기후동행 체크카드,https://d1c5n4ri2guedi.cloudfront.net/card/2767/card_img/38057/2767card.png,"국내외 가맹점 1% 적립
해외 가맹점 3% 적립
항공·면세점·여행 3% 적립",체크,0,center
현대카드,SC제일은행-현대카드 X CHECK,https://d1c5n4ri2guedi.cloudfront.net/card/2431/card_img/27294/2431card.png,"국내외 가맹점 1% 적립
해외 가맹점 3% 적립
항공·면세점·여행 3% 적립",체크,0,center
MG새마을금고,다원 체크카드,https://d1c5n4ri2guedi.cloudfront.net/card/2092/card_img/21908/2092card.png,"국내외 가맹점 1% 적립
해외 가맹점 3% 적립
항공·면세점·여행 3% 적립",체크,90,center
하나카드,하나멤버스 1Q 체크카드,https://d1c5n4ri2guedi.cloudfront.net/card/380/card_img/48217/380card.png,"국내외 가맹점 1% 적립
해외 가맹점 3% 적립
항공·면세점·여행 3% 적립",체크,90,center
신한카드,신한카드 SOL글로벌 체크,https://d1c5n4ri2guedi.cloudfront.net/card/2922/card_img/45404/2922card.png,"국내외 가맹점 1% 적립
해외 가맹점 3% 적립
항공·면세점·여행 3% 적립",체크,0,center
NH농협카드,어피치 스윗 체크카드,https://d1c5n4ri2guedi.cloudfront.net/card/586/card_img/21342/586card.png,"국내외 가맹점 1% 적립
해외 가맹점 3% 적립
항공·면세점·여행 3% 적립",체크,0,center
우체국,어디서나 체크카드,https://d1c5n4ri2guedi.cloudfront.net/card/571/card_img/21304/571card.png,"국내외 가맹점 1% 적립
해외 가맹점 3% 적립
항공·면세점·여행 3% 적립",체크,90,center
우리카드,카카오페이 체크카드,https://d1c5n4ri2guedi.cloudfront.net/card/315/card_img/20560/315card.png,"국내외 가맹점 1% 적립
해외 가맹점 3% 적립
항공·면세점·여행 3% 적립",체크,0,center
NH농협카드,GS리테일 NH농협체크카드,https://d1c5n4ri2guedi.cloudfront.net/card/2437/card_img/27465/2437card.png,"국내외 가맹점 1% 적립
해외 가맹점 3% 적립
항공·면세점·여행 3% 적립",체크,0,center
신한카드,신한카드 Way 체크(최고심),https://d1c5n4ri2guedi.cloudfront.net/card/2471/card_img/28241/2471card.png,"국내외 가맹점 1% 적립
해외 가맹점 3% 적립
항공·면세점·여행 3% 적립",체크,0,center
카카오뱅크,카카오뱅크 mini카드,https://d1c5n4ri2guedi.cloudfront.net/card/686/card_img/21451/686card.png,"국내외 가맹점 1% 적립
해외 가맹점 3% 적립
항공·면세점·여행 3% 적립",체크,0,center